{"root":[{"assemblyName":"Unity.XR.ARKit","nameSpace":"UnityEngine.XR.ARKit","className":"ARKitAnchorSubsystem","methodName":"RegisterDescriptor","loadTypes":4,"isUnityClass":true},{"assemblyName":"Unity.XR.ARKit","nameSpace":"UnityEngine.XR.ARKit","className":"ARKitCameraSubsystem","methodName":"Register","loadTypes":4,"isUnityClass":true},{"assemblyName":"Unity.XR.ARKit","nameSpace":"UnityEngine.XR.ARKit","className":"ARKitEnvironmentProbeSubsystem","methodName":"Register","loadTypes":4,"isUnityClass":true},{"assemblyName":"Unity.XR.ARKit","nameSpace":"UnityEngine.XR.ARKit","className":"ARKitRaycastSubsystem","methodName":"RegisterDescriptor","loadTypes":4,"isUnityClass":true},{"assemblyName":"Unity.XR.ARKit","nameSpace":"UnityEngine.XR.ARKit","className":"ARKitSessionSubsystem","methodName":"RegisterDescriptor","loadTypes":4,"isUnityClass":true},{"assemblyName":"Unity.XR.ARKit","nameSpace":"UnityEngine.XR.ARKit","className":"ARKitXRDepthSubsystem","methodName":"RegisterDescriptor","loadTypes":4,"isUnityClass":true},{"assemblyName":"Unity.XR.ARKit","nameSpace":"UnityEngine.XR.ARKit","className":"ARKitHumanBodySubsystem","methodName":"Register","loadTypes":4,"isUnityClass":true},{"assemblyName":"Unity.XR.ARKit","nameSpace":"UnityEngine.XR.ARKit","className":"ARKitImageTrackingSubsystem","methodName":"RegisterDescriptor","loadTypes":4,"isUnityClass":true},{"assemblyName":"Unity.XR.ARKit","nameSpace":"UnityEngine.XR.ARKit","className":"ARKitXRObjectTrackingSubsystem","methodName":"RegisterDescriptor","loadTypes":4,"isUnityClass":true},{"assemblyName":"Unity.XR.ARKit","nameSpace":"UnityEngine.XR.ARKit","className":"ARKitOcclusionSubsystem","methodName":"Register","loadTypes":4,"isUnityClass":true},{"assemblyName":"Unity.XR.ARKit","nameSpace":"UnityEngine.XR.ARKit","className":"ARKitParticipantSubsystem","methodName":"RegisterDescriptor","loadTypes":4,"isUnityClass":true},{"assemblyName":"Unity.XR.ARKit","nameSpace":"UnityEngine.XR.ARKit","className":"ARKitXRPlaneSubsystem","methodName":"RegisterDescriptor","loadTypes":4,"isUnityClass":true},{"assemblyName":"Unity.XR.Management","nameSpace":"UnityEngine.XR.Management","className":"XRGeneralSettings","methodName":"AttemptInitializeXRSDKOnLoad","loadTypes":2,"isUnityClass":true},{"assemblyName":"Unity.XR.Management","nameSpace":"UnityEngine.XR.Management","className":"XRGeneralSettings","methodName":"AttemptStartXRSDKOnBeforeSplashScreen","loadTypes":3,"isUnityClass":true}]}
