{"report":{"modules":[{"name":"Animation","dependencies":[{"name":"Animator","scenes":[],"dependencyType":0,"icon":null},{"name":"AnimatorController","scenes":[],"dependencyType":1,"icon":null},{"name":"AnimatorOverrideController","scenes":[],"dependencyType":0,"icon":null},{"name":"RuntimeAnimatorController","scenes":[],"dependencyType":1,"icon":null}]},{"name":"AR","dependencies":[]},{"name":"Core","dependencies":[{"name":"Behaviour","scenes":["Assets/Scenes/SampleScene.unity"],"dependencyType":0,"icon":null},{"name":"BuildSettings","scenes":[],"dependencyType":1,"icon":null},{"name":"Camera","scenes":["Assets/Scenes/SampleScene.unity"],"dependencyType":0,"icon":null},{"name":"Component","scenes":[],"dependencyType":1,"icon":null},{"name":"ComputeShader","scenes":[],"dependencyType":0,"icon":null},{"name":"Cubemap","scenes":["Assets/Scenes/SampleScene.unity"],"dependencyType":0,"icon":null},{"name":"CubemapArray","scenes":[],"dependencyType":0,"icon":null},{"name":"DelayedCallManager","scenes":[],"dependencyType":1,"icon":null},{"name":"EditorExtension","scenes":[],"dependencyType":1,"icon":null},{"name":"GameManager","scenes":["Assets/Scenes/SampleScene.unity"],"dependencyType":1,"icon":null},{"name":"GameObject","scenes":["Assets/Scenes/SampleScene.unity"],"dependencyType":0,"icon":null},{"name":"GlobalGameManager","scenes":[],"dependencyType":1,"icon":null},{"name":"GraphicsSettings","scenes":[],"dependencyType":0,"icon":null},{"name":"InputManager","scenes":[],"dependencyType":1,"icon":null},{"name":"LevelGameManager","scenes":[],"dependencyType":1,"icon":null},{"name":"Light","scenes":["Assets/Scenes/SampleScene.unity"],"dependencyType":0,"icon":null},{"name":"LightingSettings","scenes":[],"dependencyType":0,"icon":null},{"name":"LightmapSettings","scenes":["Assets/Scenes/SampleScene.unity"],"dependencyType":0,"icon":null},{"name":"LightProbes","scenes":[],"dependencyType":0,"icon":null},{"name":"LineRenderer","scenes":[],"dependencyType":0,"icon":null},{"name":"LowerResBlitTexture","scenes":[],"dependencyType":0,"icon":null},{"name":"Material","scenes":["Assets/Scenes/SampleScene.unity"],"dependencyType":0,"icon":null},{"name":"Mesh","scenes":["Assets/Scenes/SampleScene.unity"],"dependencyType":0,"icon":null},{"name":"MeshFilter","scenes":["Assets/Scenes/SampleScene.unity"],"dependencyType":0,"icon":null},{"name":"MeshRenderer","scenes":["Assets/Scenes/SampleScene.unity"],"dependencyType":0,"icon":null},{"name":"MonoBehaviour","scenes":["Assets/Scenes/SampleScene.unity"],"dependencyType":0,"icon":null},{"name":"MonoManager","scenes":[],"dependencyType":1,"icon":null},{"name":"MonoScript","scenes":["Assets/Scenes/SampleScene.unity"],"dependencyType":1,"icon":null},{"name":"NamedObject","scenes":[],"dependencyType":1,"icon":null},{"name":"Object","scenes":[],"dependencyType":1,"icon":null},{"name":"PlayerSettings","scenes":[],"dependencyType":1,"icon":null},{"name":"PreloadData","scenes":[],"dependencyType":0,"icon":null},{"name":"QualitySettings","scenes":[],"dependencyType":0,"icon":null},{"name":"RectTransform","scenes":["Assets/Scenes/SampleScene.unity"],"dependencyType":0,"icon":null},{"name":"ReflectionProbe","scenes":[],"dependencyType":0,"icon":null},{"name":"Renderer","scenes":[],"dependencyType":1,"icon":null},{"name":"RenderSettings","scenes":["Assets/Scenes/SampleScene.unity"],"dependencyType":0,"icon":null},{"name":"RenderTexture","scenes":[],"dependencyType":0,"icon":null},{"name":"ResourceManager","scenes":[],"dependencyType":1,"icon":null},{"name":"RuntimeInitializeOnLoadManager","scenes":[],"dependencyType":1,"icon":null},{"name":"ScriptMapper","scenes":[],"dependencyType":1,"icon":null},{"name":"Shader","scenes":["Assets/Scenes/SampleScene.unity"],"dependencyType":0,"icon":null},{"name":"Sprite","scenes":["Assets/Scenes/SampleScene.unity"],"dependencyType":0,"icon":null},{"name":"SpriteAtlas","scenes":[],"dependencyType":0,"icon":null},{"name":"TagManager","scenes":[],"dependencyType":1,"icon":null},{"name":"TextAsset","scenes":["Assets/Scenes/SampleScene.unity"],"dependencyType":0,"icon":null},{"name":"Texture","scenes":[],"dependencyType":1,"icon":null},{"name":"Texture2D","scenes":["Assets/Scenes/SampleScene.unity"],"dependencyType":0,"icon":null},{"name":"Texture2DArray","scenes":[],"dependencyType":0,"icon":null},{"name":"Texture3D","scenes":[],"dependencyType":0,"icon":null},{"name":"TimeManager","scenes":[],"dependencyType":1,"icon":null},{"name":"Transform","scenes":["Assets/Scenes/SampleScene.unity"],"dependencyType":0,"icon":null},{"name":"Required by Animation Module","scenes":[],"dependencyType":2,"icon":"package/com.unity.modules.animation"},{"name":"Required by AR Module","scenes":[],"dependencyType":2,"icon":"package/com.unity.modules.ar"},{"name":"Required by GameCenter Module","scenes":[],"dependencyType":2,"icon":"package/com.unity.modules.gamecenter"},{"name":"Required by ImageConversion Module","scenes":[],"dependencyType":2,"icon":"package/com.unity.modules.imageconversion"},{"name":"Required by IMGUI Module","scenes":[],"dependencyType":2,"icon":"package/com.unity.modules.imgui"},{"name":"Required by Input Module","scenes":[],"dependencyType":2,"icon":"package/com.unity.modules.input"},{"name":"Required by InputLegacy Module","scenes":[],"dependencyType":2,"icon":"package/com.unity.modules.inputlegacy"},{"name":"Required by JSONSerialize Module","scenes":[],"dependencyType":2,"icon":"package/com.unity.modules.jsonserialize"},{"name":"Required by ParticleSystem Module","scenes":[],"dependencyType":2,"icon":"package/com.unity.modules.particlesystem"},{"name":"Required by Physics Module","scenes":[],"dependencyType":2,"icon":"package/com.unity.modules.physics"},{"name":"Required by RuntimeInitializeOnLoadManagerInitializer Module","scenes":[],"dependencyType":2,"icon":"package/com.unity.modules.runtimeinitializeonloadmanagerinitializer"},{"name":"Required by Subsystems Module","scenes":[],"dependencyType":2,"icon":"package/com.unity.modules.subsystems"},{"name":"Required by TextRendering Module","scenes":[],"dependencyType":2,"icon":"package/com.unity.modules.textrendering"},{"name":"Required by UI Module","scenes":[],"dependencyType":2,"icon":"package/com.unity.modules.ui"},{"name":"Required by XR Module","scenes":[],"dependencyType":2,"icon":"package/com.unity.modules.xr"}]},{"name":"GameCenter","dependencies":[]},{"name":"ImageConversion","dependencies":[{"name":"Required by GameCenter Module","scenes":[],"dependencyType":2,"icon":"package/com.unity.modules.gamecenter"}]},{"name":"IMGUI","dependencies":[]},{"name":"Input","dependencies":[{"name":"Required by AR Module","scenes":[],"dependencyType":2,"icon":"package/com.unity.modules.ar"},{"name":"Required by XR Module","scenes":[],"dependencyType":2,"icon":"package/com.unity.modules.xr"}]},{"name":"InputLegacy","dependencies":[{"name":"Required by IMGUI Module","scenes":[],"dependencyType":2,"icon":"package/com.unity.modules.imgui"}]},{"name":"JSONSerialize","dependencies":[{"name":"Required by AR Module","scenes":[],"dependencyType":2,"icon":"package/com.unity.modules.ar"},{"name":"Required by Input Module","scenes":[],"dependencyType":2,"icon":"package/com.unity.modules.input"},{"name":"Required by RuntimeInitializeOnLoadManagerInitializer Module","scenes":[],"dependencyType":2,"icon":"package/com.unity.modules.runtimeinitializeonloadmanagerinitializer"},{"name":"Required by Subsystems Module","scenes":[],"dependencyType":2,"icon":"package/com.unity.modules.subsystems"},{"name":"Required by XR Module","scenes":[],"dependencyType":2,"icon":"package/com.unity.modules.xr"}]},{"name":"ParticleSystem","dependencies":[{"name":"ParticleSystem","scenes":[],"dependencyType":0,"icon":null},{"name":"ParticleSystemRenderer","scenes":[],"dependencyType":0,"icon":null}]},{"name":"Physics","dependencies":[{"name":"Collider","scenes":[],"dependencyType":1,"icon":null},{"name":"MeshCollider","scenes":[],"dependencyType":0,"icon":null},{"name":"PhysicsManager","scenes":[],"dependencyType":1,"icon":null},{"name":"Required by AR Module","scenes":[],"dependencyType":2,"icon":"package/com.unity.modules.ar"},{"name":"Required by XR Module","scenes":[],"dependencyType":2,"icon":"package/com.unity.modules.xr"}]},{"name":"RuntimeInitializeOnLoadManagerInitializer","dependencies":[{"name":"RuntimeInitializeOnLoadManagerInitializer is always required","scenes":[],"dependencyType":3,"icon":"class/DefaultAsset"}]},{"name":"SharedInternals","dependencies":[{"name":"Required by Animation Module","scenes":[],"dependencyType":2,"icon":"package/com.unity.modules.animation"},{"name":"Required by AR Module","scenes":[],"dependencyType":2,"icon":"package/com.unity.modules.ar"},{"name":"Required by Core Module","scenes":[],"dependencyType":2,"icon":"package/com.unity.modules.core"},{"name":"Required by GameCenter Module","scenes":[],"dependencyType":2,"icon":"package/com.unity.modules.gamecenter"},{"name":"Required by ImageConversion Module","scenes":[],"dependencyType":2,"icon":"package/com.unity.modules.imageconversion"},{"name":"Required by IMGUI Module","scenes":[],"dependencyType":2,"icon":"package/com.unity.modules.imgui"},{"name":"Required by Input Module","scenes":[],"dependencyType":2,"icon":"package/com.unity.modules.input"},{"name":"Required by InputLegacy Module","scenes":[],"dependencyType":2,"icon":"package/com.unity.modules.inputlegacy"},{"name":"Required by JSONSerialize Module","scenes":[],"dependencyType":2,"icon":"package/com.unity.modules.jsonserialize"},{"name":"Required by ParticleSystem Module","scenes":[],"dependencyType":2,"icon":"package/com.unity.modules.particlesystem"},{"name":"Required by Physics Module","scenes":[],"dependencyType":2,"icon":"package/com.unity.modules.physics"},{"name":"Required by RuntimeInitializeOnLoadManagerInitializer Module","scenes":[],"dependencyType":2,"icon":"package/com.unity.modules.runtimeinitializeonloadmanagerinitializer"},{"name":"Required by Subsystems Module","scenes":[],"dependencyType":2,"icon":"package/com.unity.modules.subsystems"},{"name":"Required by TextRendering Module","scenes":[],"dependencyType":2,"icon":"package/com.unity.modules.textrendering"},{"name":"Required by UI Module","scenes":[],"dependencyType":2,"icon":"package/com.unity.modules.ui"},{"name":"Required by XR Module","scenes":[],"dependencyType":2,"icon":"package/com.unity.modules.xr"}]},{"name":"Subsystems","dependencies":[{"name":"Required by XR Module","scenes":[],"dependencyType":2,"icon":"package/com.unity.modules.xr"}]},{"name":"TextRendering","dependencies":[{"name":"Font","scenes":["Assets/Scenes/SampleScene.unity"],"dependencyType":0,"icon":null},{"name":"Required by IMGUI Module","scenes":[],"dependencyType":2,"icon":"package/com.unity.modules.imgui"},{"name":"Required by UI Module","scenes":[],"dependencyType":2,"icon":"package/com.unity.modules.ui"}]},{"name":"UI","dependencies":[{"name":"Canvas","scenes":["Assets/Scenes/SampleScene.unity"],"dependencyType":0,"icon":null},{"name":"CanvasGroup","scenes":[],"dependencyType":0,"icon":null},{"name":"CanvasRenderer","scenes":["Assets/Scenes/SampleScene.unity"],"dependencyType":0,"icon":null}]},{"name":"XR","dependencies":[]}]}}